Epochs,Activation function,Hidden nodes,Optimizer,Initializer,Regularizer,In-sample RMSE,Out-of-sample RMSE
300,tanh,11,Adam,Xavier,0,0.039192826,0.089589499
300,relu,11,Adam,Xavier,0,0.039725438,0.146489405
300,relu,8,Adam,Xavier,0.001,0.039849322,0.079308836
300,relu,8,Adam,Xavier,0.0001,0.040007193,0.067948565
300,relu,8,Adam,Xavier,0,0.040484399,0.079757429
300,tanh,5,Adam,Xavier,0.0001,0.040597308,0.084926933
300,relu,11,Adam,Xavier,0.001,0.040634044,0.048349515
200,tanh,11,Adam,Xavier,0.0001,0.040781543,0.051743612
200,relu,8,Adam,Xavier,0.0001,0.040874321,0.073998632
300,relu,11,Adam,Xavier,0.0001,0.041080721,0.090444762
300,tanh,11,Momentum,Xavier,0.0001,0.041184451,0.062035396
300,tanh,8,Adam,Xavier,0,0.041201219,0.075042621
300,tanh,8,Momentum,Xavier,0.0001,0.041565392,0.172173898
300,tanh,11,Momentum,Xavier,0.001,0.041613765,0.062415226
200,relu,5,Momentum,Xavier,0.0001,0.041951586,0.132556349
300,relu,11,Momentum,Xavier,0.001,0.041997157,0.058611509
300,relu,5,Momentum,Xavier,0.001,0.042165413,0.078455945
300,sigmoid,5,Adam,Xavier,0,0.042176612,0.084373169
300,relu,5,Adam,Xavier,0.0001,0.042177904,0.049068083
300,tanh,8,Momentum,Xavier,0.001,0.042305615,0.076991064
200,relu,11,Momentum,Xavier,0.001,0.04238005,0.07528821
300,tanh,11,Momentum,Xavier,0,0.042553712,0.08561015
300,tanh,11,Adam,Xavier,0.001,0.042762965,0.07057634
300,relu,11,Momentum,Xavier,0.0001,0.042863604,0.134657719
300,tanh,8,Adam,Xavier,0.001,0.043076023,0.07482668
100,tanh,11,Momentum,Xavier,0.0001,0.043504763,0.119895671
300,tanh,8,Momentum,Xavier,0,0.043535911,0.104803403
300,relu,8,Momentum,Xavier,0.001,0.043556768,0.06494811
100,relu,8,Adam,Xavier,0.001,0.043563664,0.147036778
200,relu,8,Adam,Xavier,0.001,0.043842334,0.088760281
300,relu,5,Adam,Xavier,0.001,0.043864962,0.111812554
300,tanh,8,Adam,Xavier,0.0001,0.043878421,0.110581034
300,tanh,5,Momentum,Xavier,0,0.043947548,0.047502128
200,tanh,11,Momentum,Xavier,0.001,0.044005409,0.096431493
300,tanh,8,Adam,small_random,0.001,0.044147622,0.221363466
200,tanh,8,Momentum,Xavier,0.001,0.04440558,0.125210571
200,tanh,11,Momentum,Xavier,0,0.044789579,0.136066574
200,tanh,11,Adam,Xavier,0,0.044843841,0.167724032
200,relu,8,Momentum,Xavier,0.001,0.044872649,0.134554992
100,tanh,11,Momentum,Xavier,0,0.045101531,0.126423061
200,tanh,8,Momentum,Xavier,0,0.045267999,0.07372398
300,relu,5,Momentum,Xavier,0,0.045327127,0.139167352
300,tanh,8,Momentum,small_random,0.001,0.045502111,0.137599107
300,tanh,5,Adam,Xavier,0.001,0.045595821,0.080333155
200,tanh,11,Momentum,Xavier,0.0001,0.045662615,0.084394018
100,tanh,11,Momentum,Xavier,0.001,0.045694236,0.094751235
200,relu,11,Momentum,Xavier,0.0001,0.045798834,0.078748921
300,tanh,11,Adam,small_random,0.0001,0.046010245,0.180196625
300,tanh,5,Momentum,Xavier,0.001,0.046025604,0.11134643
200,relu,8,Momentum,Xavier,0.0001,0.046452012,0.148110674
200,tanh,8,Adam,Xavier,0.0001,0.046537559,0.086170639
100,tanh,5,Adam,Xavier,0.001,0.046691854,0.098003708
300,relu,11,Momentum,Xavier,0,0.046698123,0.146044182
200,tanh,8,Momentum,Xavier,0.0001,0.046792332,0.110802891
300,tanh,8,Adam,small_random,0.0001,0.04681544,0.148999331
300,tanh,11,Adam,small_random,0.001,0.046868946,0.062701281
200,relu,11,Adam,Xavier,0.001,0.04688099,0.054882807
300,tanh,11,Momentum,small_random,0.001,0.046893507,0.098175849
300,sigmoid,8,Adam,small_random,0.0001,0.046962313,0.183117285
300,sigmoid,8,Adam,small_random,0,0.04700505,0.125259701
200,relu,11,Adam,Xavier,0,0.047223002,0.169276704
300,relu,5,Momentum,Xavier,0.0001,0.047234427,0.079717542
200,tanh,5,Momentum,Xavier,0.001,0.047240864,0.130089903
200,relu,8,Adam,Xavier,0,0.047378119,0.124485694
200,tanh,5,Adam,Xavier,0.001,0.047581755,0.099967252
300,tanh,5,Momentum,Xavier,0.0001,0.047611643,0.096429755
200,sigmoid,5,Adam,Xavier,0,0.047612786,0.1033847
200,tanh,5,Momentum,Xavier,0,0.047654748,0.110341037
300,relu,5,Adam,Xavier,0,0.047786713,0.124987534
200,relu,8,Momentum,Xavier,0,0.048179869,0.1286481
200,sigmoid,11,Momentum,Xavier,0.0001,0.048182722,0.071657034
200,relu,11,Adam,small_random,0.001,0.048250977,0.123783222
200,tanh,8,Momentum,small_random,0.001,0.048274141,0.083521906
200,tanh,8,Adam,Xavier,0.001,0.048562065,0.200544088
300,tanh,11,Adam,Xavier,0.0001,0.048601028,0.096891377
300,tanh,5,Adam,Xavier,0,0.04860625,0.17233477
300,tanh,11,Momentum,small_random,0.0001,0.048722982,0.186860148
200,relu,11,Adam,Xavier,0.0001,0.048728377,0.167229629
200,sigmoid,5,Momentum,small_random,0.001,0.048768613,0.096611352
200,tanh,5,Adam,Xavier,0,0.04893266,0.089864945
200,sigmoid,11,Adam,Xavier,0.0001,0.048934255,0.128484262
300,sigmoid,11,Adam,Xavier,0.001,0.048962355,0.084034886
100,tanh,5,Momentum,Xavier,0.001,0.049330458,0.093450084
300,sigmoid,11,Adam,small_random,0.0001,0.049462624,0.103531364
300,sigmoid,11,Adam,small_random,0,0.049544521,0.332120627
300,sigmoid,8,Momentum,Xavier,0.0001,0.049628366,0.063639622
300,sigmoid,11,Momentum,Xavier,0,0.049689054,0.096159742
100,relu,11,Adam,Xavier,0.001,0.049893823,0.096114619
100,tanh,11,Adam,Xavier,0.001,0.049915306,0.11452208
100,relu,5,Momentum,Xavier,0.001,0.05002721,0.075569465
100,tanh,11,Adam,Xavier,0,0.050050315,0.086814485
300,sigmoid,8,Adam,small_random,0.001,0.050079498,0.100770977
100,relu,11,Momentum,Xavier,0.0001,0.050340366,0.095510224
200,tanh,8,Adam,Xavier,0,0.050369952,0.115684358
200,sigmoid,8,Adam,Xavier,0.0001,0.050473325,0.119604231
300,sigmoid,8,Adam,Xavier,0,0.050497532,0.116324184
200,relu,5,Adam,Xavier,0,0.050595544,0.115640553
200,sigmoid,11,Momentum,small_random,0.001,0.050602119,0.165380069
100,tanh,5,Adam,Xavier,0,0.050634507,0.160906747
300,sigmoid,11,Momentum,Xavier,0.001,0.050700389,0.092565912
100,tanh,8,Adam,Xavier,0,0.050776534,0.088001192
300,sigmoid,11,Adam,Xavier,0.0001,0.050834715,0.066120426
300,relu,8,Momentum,small_random,0,0.05096468,0.124174769
100,tanh,8,Momentum,Xavier,0.0001,0.050970409,0.125885284
200,sigmoid,5,Adam,Xavier,0.0001,0.051022504,0.095837257
200,sigmoid,8,Adam,small_random,0,0.051232003,0.168537923
100,tanh,5,Momentum,Xavier,0,0.051238529,0.096176905
300,sigmoid,11,Momentum,Xavier,0.0001,0.051275756,0.135064097
300,sigmoid,11,Adam,small_random,0.001,0.051280107,0.075498188
200,tanh,11,Momentum,small_random,0.001,0.051287193,0.164202901
200,sigmoid,5,Momentum,Xavier,0,0.051293276,0.080609193
100,tanh,8,Momentum,Xavier,0.001,0.051336184,0.080860446
300,sigmoid,5,Adam,small_random,0.0001,0.051399488,0.088662451
300,sigmoid,11,Momentum,small_random,0.001,0.05141909,0.184354208
100,tanh,8,Momentum,Xavier,0,0.051499195,0.20997111
300,sigmoid,8,Momentum,Xavier,0.001,0.051662743,0.091050643
300,sigmoid,5,Momentum,Xavier,0.001,0.05173482,0.128284625
200,relu,5,Momentum,Xavier,0.001,0.05208341,0.114067336
100,relu,8,Momentum,Xavier,0.001,0.052087102,0.093513546
100,relu,11,Momentum,Xavier,0.001,0.05209842,0.10897713
100,relu,11,Adam,Xavier,0,0.052123368,0.093694204
300,relu,11,SGD,Xavier,0.0001,0.052267313,0.151763792
300,relu,8,Momentum,Xavier,0,0.052339863,0.110756811
200,relu,11,Momentum,Xavier,0,0.052383553,0.089072137
300,sigmoid,5,Adam,Xavier,0.001,0.05240202,0.106483557
300,sigmoid,5,Momentum,Xavier,0,0.05243931,0.097358913
300,sigmoid,11,Adam,Xavier,0,0.052526772,0.100663089
200,sigmoid,5,Adam,Xavier,0.001,0.052622695,0.093371723
200,relu,5,Adam,Xavier,0.0001,0.052632876,0.080196692
200,sigmoid,11,Momentum,Xavier,0.001,0.052786708,0.081795061
300,tanh,5,Adam,small_random,0,0.052992079,0.213971537
100,tanh,5,Momentum,Xavier,0.0001,0.053262565,0.066792832
200,sigmoid,5,Momentum,Xavier,0.0001,0.053398289,0.121541873
100,sigmoid,5,Momentum,Xavier,0.001,0.053414028,0.145251966
300,tanh,11,Adam,small_random,0,0.053469915,0.159460969
200,sigmoid,8,Adam,Xavier,0.001,0.053560477,0.101205273
300,relu,11,Momentum,small_random,0,0.053802732,0.163228036
200,tanh,5,Momentum,small_random,0.001,0.053814624,0.254797801
100,tanh,11,Momentum,small_random,0.001,0.053903971,0.07926053
100,relu,8,Momentum,Xavier,0.0001,0.05401526,0.174411201
200,sigmoid,8,Momentum,Xavier,0.001,0.054033022,0.091899512
200,sigmoid,11,Adam,Xavier,0.001,0.054094207,0.082937465
100,relu,8,Adam,Xavier,0.0001,0.05410732,0.125073816
300,sigmoid,8,Momentum,Xavier,0,0.054315556,0.102422872
200,tanh,11,Adam,Xavier,0.001,0.054388557,0.111643583
300,tanh,5,Adam,small_random,0.001,0.054397028,0.116953327
300,relu,8,Momentum,small_random,0.001,0.054406896,0.103167853
100,sigmoid,8,Adam,Xavier,0.0001,0.054459464,0.146667667
300,sigmoid,5,Adam,Xavier,0.0001,0.054594185,0.108465537
300,relu,8,Momentum,Xavier,0.0001,0.054791633,0.157847826
300,tanh,8,Adam,small_random,0,0.054969814,0.182110266
200,sigmoid,8,Momentum,Xavier,0.0001,0.05508117,0.087232848
300,sigmoid,5,Momentum,Xavier,0.0001,0.055290233,0.1092755
300,relu,5,Adam,small_random,0.0001,0.055462938,0.328427359
200,tanh,11,Adam,small_random,0.0001,0.05566613,0.152038534
100,relu,11,Momentum,Xavier,0,0.055725824,0.093893142
200,tanh,5,Momentum,Xavier,0.0001,0.056121856,0.125153978
200,sigmoid,8,Momentum,small_random,0.001,0.056140803,0.259221211
200,sigmoid,8,Momentum,Xavier,0,0.056384534,0.231636443
100,sigmoid,11,Momentum,Xavier,0.001,0.056451213,0.086294631
300,sigmoid,8,Adam,Xavier,0.001,0.056454875,0.085761514
300,sigmoid,8,Adam,Xavier,0.0001,0.056495935,0.102687734
100,relu,11,Adam,Xavier,0.0001,0.05659125,0.124401702
100,relu,8,Momentum,Xavier,0,0.056593228,0.06964609
100,sigmoid,5,Adam,Xavier,0.0001,0.056691624,0.100813714
300,tanh,11,Momentum,small_random,0,0.056886915,0.186432898
100,relu,5,Momentum,Xavier,0,0.057004903,0.057261436
100,sigmoid,8,Adam,Xavier,0.001,0.05706526,0.110715521
300,tanh,11,SGD,Xavier,0.001,0.057222586,0.2108266
200,sigmoid,11,Momentum,Xavier,0,0.057237983,0.108535807
300,tanh,8,SGD,Xavier,0.001,0.057324827,0.126740157
200,tanh,5,Adam,Xavier,0.0001,0.05746799,0.127777539
200,sigmoid,11,Adam,Xavier,0,0.057589691,0.136384076
300,sigmoid,8,Momentum,small_random,0.001,0.057743039,0.161691467
300,tanh,5,Momentum,small_random,0.001,0.057824653,0.249079695
100,sigmoid,11,Momentum,Xavier,0,0.0578725,0.107862706
200,sigmoid,5,Momentum,Xavier,0.001,0.057909079,0.139123211
300,relu,11,Momentum,small_random,0.001,0.058490772,0.114958323
200,relu,8,Momentum,small_random,0.001,0.058577355,0.230851634
100,sigmoid,5,Momentum,Xavier,0.0001,0.058577634,0.094583133
300,relu,11,Adam,small_random,0.0001,0.058894329,0.244526799
100,relu,8,Adam,Xavier,0,0.0590038,0.091112239
300,sigmoid,5,Adam,small_random,0,0.05901584,0.18970878
300,tanh,5,SGD,Xavier,0.0001,0.059151035,0.131418307
200,relu,5,SGD,Xavier,0.001,0.059197929,0.123465826
100,sigmoid,8,Momentum,Xavier,0,0.059375737,0.149108483
300,sigmoid,8,Momentum,small_random,0.0001,0.059554968,0.131922305
100,relu,5,Momentum,Xavier,0.0001,0.059576564,0.284452318
300,sigmoid,11,Momentum,small_random,0,0.059696689,0.152546979
300,tanh,8,Momentum,small_random,0.0001,0.059760246,0.231523004
200,relu,11,Momentum,small_random,0,0.059840742,0.351396677
200,sigmoid,8,Adam,Xavier,0,0.059918873,0.099333876
200,sigmoid,11,Momentum,small_random,0.0001,0.05999396,0.126837136
300,sigmoid,5,Momentum,small_random,0.001,0.06079651,0.212037977
100,tanh,11,Momentum,small_random,0,0.060800236,0.268931138
200,sigmoid,8,Momentum,small_random,0.0001,0.060911797,0.101379604
300,relu,11,Momentum,small_random,0.0001,0.060928129,0.144036051
100,sigmoid,11,Adam,Xavier,0,0.061008435,0.125379632
300,relu,5,Momentum,small_random,0.001,0.061014194,0.14982454
100,sigmoid,11,Adam,Xavier,0.0001,0.061663948,0.132412442
300,sigmoid,5,Momentum,small_random,0,0.061869752,0.308658603
200,sigmoid,8,Adam,small_random,0.0001,0.062007304,0.169527618
100,sigmoid,11,Momentum,Xavier,0.0001,0.062027752,0.128949323
100,sigmoid,8,Momentum,small_random,0.001,0.062042966,0.090041022
200,sigmoid,11,Adam,small_random,0,0.06220109,0.100372909
200,relu,5,Adam,Xavier,0.001,0.062305745,0.312812236
300,relu,5,SGD,Xavier,0,0.062328581,0.24323682
100,relu,11,SGD,Xavier,0.0001,0.062337901,0.159778
300,relu,11,SGD,Xavier,0,0.062345356,0.165468075
100,sigmoid,8,Momentum,Xavier,0.0001,0.062360723,0.246605957
200,tanh,11,SGD,Xavier,0.001,0.062772222,0.090451489
100,sigmoid,8,Momentum,Xavier,0.001,0.062776782,0.089830985
300,relu,5,SGD,Xavier,0.001,0.062924869,0.131685752
200,tanh,11,SGD,Xavier,0,0.062931724,0.131469265
300,tanh,11,SGD,Xavier,0.0001,0.063061148,0.133788771
200,sigmoid,11,Momentum,small_random,0,0.063073754,0.276045365
300,tanh,8,SGD,Xavier,0.0001,0.063097529,0.184432989
200,tanh,8,SGD,Xavier,0,0.063258946,0.171898489
300,sigmoid,8,Momentum,small_random,0,0.063356057,0.136648699
300,tanh,5,SGD,Xavier,0,0.063416913,0.177662311
200,tanh,8,Momentum,small_random,0,0.063597068,0.333798328
200,relu,11,SGD,Xavier,0.001,0.063628852,0.135768287
300,tanh,5,Adam,small_random,0.0001,0.063651182,0.337849125
300,sigmoid,5,Momentum,small_random,0.0001,0.063694537,0.171706004
300,tanh,5,SGD,Xavier,0.001,0.06384933,0.111433003
300,sigmoid,8,SGD,Xavier,0,0.063979313,0.119551437
200,relu,8,Momentum,small_random,0.0001,0.064047724,0.192026885
100,tanh,5,SGD,Xavier,0,0.064127028,0.145986523
300,tanh,11,SGD,Xavier,0,0.064140469,0.339626417
200,tanh,11,Adam,small_random,0,0.064152911,0.217530976
200,sigmoid,11,Adam,small_random,0.0001,0.064321496,0.11963766
300,sigmoid,8,SGD,Xavier,0.0001,0.064428948,0.100323169
200,tanh,5,SGD,Xavier,0.001,0.064745389,0.081424422
200,relu,5,Momentum,small_random,0.0001,0.064771995,0.22209038
200,relu,5,Momentum,small_random,0,0.064819209,0.19763576
300,relu,8,Adam,small_random,0.001,0.064855911,0.181986913
100,tanh,8,Momentum,small_random,0.001,0.064871915,0.197296515
100,sigmoid,11,Momentum,small_random,0.001,0.064999431,0.186040346
200,tanh,8,Adam,small_random,0.001,0.065048128,0.110833835
100,tanh,8,Adam,small_random,0,0.065723337,0.51447508
200,relu,11,Momentum,small_random,0.0001,0.065724298,0.313824676
300,sigmoid,11,SGD,Xavier,0.0001,0.065925673,0.120276435
200,sigmoid,5,Adam,small_random,0.0001,0.065960594,0.153067051
100,tanh,5,SGD,Xavier,0.0001,0.066048943,0.186332662
200,tanh,11,Momentum,small_random,0.0001,0.066124067,0.146797184
300,relu,8,SGD,small_random,0.001,0.066233344,0.212128559
300,sigmoid,11,Momentum,small_random,0.0001,0.066340446,0.201998103
200,tanh,11,SGD,Xavier,0.0001,0.066382937,0.103846394
200,relu,11,SGD,small_random,0,0.066537634,0.214969157
200,tanh,8,SGD,small_random,0.001,0.066568047,0.312940068
300,tanh,5,Momentum,small_random,0,0.066620149,0.141839112
100,sigmoid,8,Momentum,small_random,0.0001,0.066717714,0.120986158
300,relu,11,SGD,Xavier,0.001,0.066867843,0.335386812
100,relu,8,SGD,Xavier,0.001,0.067252636,0.099096514
100,tanh,5,Adam,Xavier,0.0001,0.067378499,0.178998709
200,relu,8,SGD,Xavier,0,0.067981325,0.146529727
200,sigmoid,5,Momentum,small_random,0.0001,0.068132937,0.141335109
100,sigmoid,5,Momentum,Xavier,0,0.068323426,0.156618932
200,tanh,11,Momentum,small_random,0,0.068384506,0.132876393
200,relu,11,Adam,small_random,0,0.068531029,0.313903699
300,sigmoid,11,SGD,small_random,0,0.068778574,0.248204797
100,sigmoid,8,Adam,small_random,0,0.068889894,0.098653708
300,relu,11,Adam,small_random,0.001,0.068996005,0.141080751
300,relu,8,SGD,Xavier,0.0001,0.069095165,0.185467208
200,relu,11,SGD,Xavier,0.0001,0.069143407,0.243421104
300,sigmoid,5,SGD,Xavier,0,0.069178216,0.072978137
300,relu,8,Adam,small_random,0,0.06924174,0.126081275
100,tanh,8,Momentum,small_random,0,0.069430694,0.137667199
300,tanh,5,Momentum,small_random,0.0001,0.069589779,0.275676966
100,tanh,8,SGD,Xavier,0.0001,0.069613643,0.104051694
300,tanh,8,SGD,Xavier,0,0.069810569,0.159126961
300,relu,5,SGD,small_random,0.0001,0.06982547,0.15379461
200,sigmoid,5,Momentum,small_random,0,0.070302092,0.162474445
100,sigmoid,11,Momentum,small_random,0.0001,0.070353493,0.153964137
200,tanh,5,SGD,Xavier,0,0.070495188,0.133079292
300,tanh,8,Momentum,small_random,0,0.070649505,0.252894613
200,relu,5,SGD,Xavier,0,0.070770875,0.115567739
300,relu,11,Adam,small_random,0,0.071138673,0.19851605
300,relu,5,SGD,Xavier,0.0001,0.071180977,0.138613096
100,tanh,11,Adam,Xavier,0.0001,0.071218207,0.217219047
100,sigmoid,11,Adam,small_random,0.001,0.071272448,0.090878597
200,tanh,5,Adam,small_random,0,0.071291283,0.188946244
100,relu,11,Momentum,small_random,0,0.071313001,0.097193726
200,relu,8,Momentum,small_random,0,0.071357846,0.376495838
200,tanh,5,Momentum,small_random,0.0001,0.071566544,0.123344247
300,sigmoid,8,SGD,Xavier,0.001,0.071638122,0.093627914
100,sigmoid,5,Momentum,small_random,0,0.071722247,0.141591015
100,relu,11,Momentum,small_random,0.001,0.071858376,0.207267821
300,relu,5,Momentum,small_random,0,0.071908534,0.151861647
100,tanh,11,SGD,Xavier,0,0.07202217,0.25964584
200,tanh,8,Adam,small_random,0,0.072096363,0.141960337
100,tanh,11,SGD,Xavier,0.001,0.072490931,0.131703364
200,sigmoid,5,SGD,Xavier,0.001,0.072569318,0.072185897
200,sigmoid,11,Adam,small_random,0.001,0.072689958,0.116228781
200,relu,8,SGD,Xavier,0.001,0.072969712,0.165521928
100,sigmoid,5,Momentum,small_random,0.001,0.073027648,0.13585771
200,tanh,11,SGD,small_random,0.0001,0.073038012,0.089849041
100,tanh,11,Momentum,small_random,0.0001,0.073113322,0.17628753
300,relu,8,SGD,Xavier,0,0.073195271,0.117879719
300,sigmoid,5,SGD,Xavier,0.0001,0.073220856,0.173436061
100,relu,11,Momentum,small_random,0.0001,0.073233053,0.138944658
300,sigmoid,11,SGD,Xavier,0.001,0.073336221,0.155647916
200,relu,11,SGD,Xavier,0,0.07346268,0.287636558
200,tanh,8,SGD,Xavier,0.0001,0.073935531,0.144201254
200,sigmoid,5,SGD,Xavier,0.0001,0.073971964,0.193680937
300,relu,11,SGD,small_random,0.001,0.074299827,0.210941167
200,relu,5,SGD,Xavier,0.0001,0.074612513,0.228206283
200,tanh,11,Adam,small_random,0.001,0.074654393,0.102418729
300,relu,11,SGD,small_random,0.0001,0.075091951,0.107733266
300,relu,8,SGD,Xavier,0.001,0.075170271,0.076369298
100,tanh,5,Momentum,small_random,0.0001,0.075653061,0.200546687
300,tanh,8,SGD,small_random,0,0.075658411,0.212836538
200,tanh,8,Momentum,small_random,0.0001,0.075690575,0.198174026
100,tanh,5,Momentum,small_random,0.001,0.075801589,0.350944756
100,relu,8,Momentum,small_random,0,0.07585109,0.165682505
100,relu,5,Momentum,small_random,0.0001,0.075857408,0.151504503
300,sigmoid,8,SGD,small_random,0.0001,0.076009698,0.138402664
300,relu,5,Momentum,small_random,0.0001,0.076119974,0.139549476
200,tanh,8,SGD,Xavier,0.001,0.076353028,0.189497157
100,tanh,11,SGD,Xavier,0.0001,0.076457597,0.167068694
100,sigmoid,11,Adam,Xavier,0.001,0.076517485,0.094090272
200,relu,8,SGD,Xavier,0.0001,0.076807894,0.193314649
200,relu,11,SGD,small_random,0.0001,0.076979496,0.154215673
100,relu,5,Adam,Xavier,0.001,0.077048242,0.134828246
300,relu,8,Adam,small_random,0.0001,0.077348359,0.198502807
100,tanh,8,Adam,Xavier,0.001,0.077621557,0.176129763
100,tanh,8,SGD,Xavier,0.001,0.07765051,0.118266663
100,tanh,11,Adam,small_random,0.0001,0.077699043,0.230229661
100,sigmoid,5,Momentum,small_random,0.0001,0.077766955,0.110089462
100,relu,11,SGD,small_random,0.001,0.077973373,0.159075286
100,relu,8,SGD,Xavier,0,0.078029171,0.14769432
100,sigmoid,8,Momentum,small_random,0,0.078162283,0.139245074
200,sigmoid,11,SGD,Xavier,0.001,0.078213871,0.096351625
300,relu,8,Momentum,small_random,0.0001,0.078418858,0.117169183
100,sigmoid,8,Adam,Xavier,0,0.078593165,0.117919226
200,sigmoid,8,SGD,Xavier,0.0001,0.078610308,0.125386806
200,sigmoid,8,SGD,Xavier,0,0.078796759,0.211675197
200,sigmoid,8,Momentum,small_random,0,0.079116777,0.176277038
200,sigmoid,8,Adam,small_random,0.001,0.079204991,0.074428437
300,tanh,11,SGD,small_random,0.0001,0.079284891,0.179754637
100,relu,5,SGD,Xavier,0.0001,0.079366811,0.440855739
200,sigmoid,8,SGD,small_random,0.001,0.079756528,0.211227826
100,sigmoid,11,Momentum,small_random,0,0.080211528,0.184862629
300,tanh,11,SGD,small_random,0.001,0.080413811,0.19455608
300,sigmoid,5,SGD,Xavier,0.001,0.080523647,0.114673073
300,sigmoid,5,SGD,small_random,0.001,0.080551982,0.322811735
200,tanh,11,SGD,small_random,0.001,0.080590807,0.153919437
100,relu,8,Momentum,small_random,0.0001,0.081028126,0.110224053
100,tanh,8,Adam,small_random,0.001,0.081150442,0.254637847
200,tanh,5,SGD,small_random,0.0001,0.08115986,0.118501728
100,sigmoid,11,SGD,Xavier,0.0001,0.08143498,0.104318384
100,relu,5,SGD,Xavier,0,0.081558049,0.177742073
200,relu,5,SGD,small_random,0,0.081605271,0.126601387
300,relu,11,SGD,small_random,0,0.082256705,0.28368864
300,sigmoid,5,Adam,small_random,0.001,0.083002791,0.167151652
300,relu,8,SGD,small_random,0.0001,0.083331384,0.164073613
200,sigmoid,11,SGD,Xavier,0.0001,0.083435133,0.196211447
200,relu,11,Momentum,small_random,0.001,0.083597526,0.485522811
200,tanh,5,Adam,small_random,0.0001,0.083966732,0.315855878
200,sigmoid,11,SGD,small_random,0.001,0.084902018,0.125975526
200,sigmoid,5,Adam,small_random,0,0.085047826,0.140342146
300,sigmoid,11,SGD,Xavier,0,0.085486755,0.177261547
100,tanh,8,Momentum,small_random,0.0001,0.08551833,0.145529722
100,relu,5,Momentum,small_random,0.001,0.085524827,0.294870274
200,sigmoid,11,SGD,Xavier,0,0.085674278,0.148299147
200,tanh,8,Adam,small_random,0.0001,0.08589261,0.194828837
300,relu,8,SGD,small_random,0,0.086402789,0.289057402
100,relu,11,SGD,Xavier,0,0.086449049,0.10232502
300,sigmoid,11,SGD,small_random,0.001,0.086481161,0.292297181
200,tanh,11,SGD,small_random,0,0.086792573,0.122182799
100,tanh,8,Adam,Xavier,0.0001,0.087172531,0.186365867
200,tanh,8,SGD,small_random,0,0.087268308,0.242517202
100,sigmoid,8,SGD,small_random,0,0.087347202,0.121850576
200,tanh,5,SGD,Xavier,0.0001,0.087538846,0.166740994
200,relu,8,SGD,small_random,0.001,0.087702267,0.263919815
100,sigmoid,5,Adam,small_random,0,0.08787065,0.334913701
100,relu,5,Adam,Xavier,0.0001,0.087950304,0.171379244
300,tanh,8,SGD,small_random,0.001,0.088236086,0.212989403
100,tanh,5,Momentum,small_random,0,0.088326178,0.197582992
300,relu,5,Adam,small_random,0,0.088341326,0.729320164
200,tanh,8,SGD,small_random,0.0001,0.088542312,0.411072627
100,relu,11,SGD,small_random,0,0.089008264,0.204980912
100,relu,11,SGD,Xavier,0.001,0.089157879,0.128365038
100,tanh,5,Adam,small_random,0,0.089427769,0.274219768
300,sigmoid,5,SGD,small_random,0.0001,0.089624457,0.157150594
200,tanh,5,Momentum,small_random,0,0.090021126,0.22488324
200,relu,11,Adam,small_random,0.0001,0.090061858,0.177609996
100,relu,8,Adam,small_random,0.0001,0.09017656,0.111932324
300,tanh,11,SGD,small_random,0,0.090425909,0.343743571
300,tanh,5,SGD,small_random,0.001,0.091047779,0.28782823
100,sigmoid,8,Adam,small_random,0.001,0.091493964,0.109567801
200,tanh,5,Adam,small_random,0.001,0.09152282,0.311126818
100,relu,8,SGD,Xavier,0.0001,0.091615148,0.138267115
100,sigmoid,11,Adam,small_random,0,0.091865093,0.120211489
100,sigmoid,5,Adam,small_random,0.0001,0.092018977,0.394494085
100,sigmoid,11,Adam,small_random,0.0001,0.09277302,0.393904989
100,relu,8,Momentum,small_random,0.001,0.09294609,0.456641277
300,sigmoid,8,SGD,small_random,0.001,0.093412355,0.300507889
100,sigmoid,8,SGD,small_random,0.0001,0.093514673,0.285647532
100,tanh,8,SGD,small_random,0.001,0.093856797,0.21492854
100,sigmoid,11,SGD,Xavier,0,0.093863435,0.101880791
100,relu,5,Adam,Xavier,0,0.09388677,0.125686455
100,tanh,5,SGD,small_random,0.0001,0.094237499,0.141604344
100,tanh,5,SGD,Xavier,0.001,0.094752677,0.149412778
300,sigmoid,5,SGD,small_random,0,0.094876036,0.167354314
100,tanh,11,SGD,small_random,0.001,0.094885901,0.215875543
200,relu,8,Adam,small_random,0.0001,0.095411092,0.16388128
100,relu,5,SGD,small_random,0.0001,0.096074559,0.23863538
300,sigmoid,11,SGD,small_random,0.0001,0.096725889,0.236711494
100,tanh,8,SGD,Xavier,0,0.096968748,0.473583703
300,relu,5,Adam,small_random,0.001,0.097007841,0.510892528
200,sigmoid,11,SGD,small_random,0,0.097129755,0.288926399
200,relu,5,SGD,small_random,0.0001,0.097796485,0.263639601
100,sigmoid,5,SGD,Xavier,0.0001,0.09807808,0.117686736
100,tanh,8,Adam,small_random,0.0001,0.099245094,0.193022399
100,relu,11,Adam,small_random,0,0.100248113,0.480420381
100,sigmoid,8,SGD,Xavier,0.001,0.100658506,0.164808837
100,sigmoid,5,Adam,Xavier,0,0.101734579,0.121373188
100,tanh,5,Adam,small_random,0.0001,0.101892099,0.150884634
200,relu,8,SGD,small_random,0.0001,0.102255516,0.524772676
100,relu,8,SGD,small_random,0.0001,0.102713197,0.258871994
100,sigmoid,8,SGD,small_random,0.001,0.102934957,0.250360485
100,sigmoid,8,SGD,Xavier,0,0.103144996,0.155833798
100,sigmoid,11,SGD,Xavier,0.001,0.104738154,0.129404076
100,relu,5,SGD,small_random,0.001,0.10479857,0.178573942
200,sigmoid,5,SGD,Xavier,0,0.10533116,0.284988945
100,sigmoid,5,Adam,Xavier,0.001,0.106221437,0.182124498
200,sigmoid,8,SGD,Xavier,0.001,0.107404202,0.180285339
100,tanh,8,SGD,small_random,0.0001,0.108401909,0.232835791
200,sigmoid,11,SGD,small_random,0.0001,0.109245919,0.225647155
100,relu,8,SGD,small_random,0,0.109613501,0.241074739
300,sigmoid,8,SGD,small_random,0,0.110617556,0.127341139
300,tanh,5,SGD,small_random,0,0.112239867,0.285958825
100,tanh,11,SGD,small_random,0,0.112298645,0.20988893
300,tanh,8,SGD,small_random,0.0001,0.114652023,0.418845921
300,tanh,5,SGD,small_random,0.0001,0.116790794,0.197583512
200,sigmoid,8,SGD,small_random,0,0.11714977,0.31226399
100,tanh,11,Adam,small_random,0.001,0.117862612,0.195963992
200,relu,11,SGD,small_random,0.001,0.118507341,0.159068615
200,relu,8,Adam,small_random,0,0.118544415,0.13535817
300,relu,5,SGD,small_random,0.001,0.119374022,0.425046348
100,tanh,11,SGD,small_random,0.0001,0.120149225,0.244208738
100,sigmoid,5,Adam,small_random,0.001,0.120342731,0.087511758
100,sigmoid,8,Adam,small_random,0.0001,0.120603129,0.266401082
100,sigmoid,5,SGD,Xavier,0.001,0.120750792,0.108379195
200,sigmoid,5,SGD,small_random,0.001,0.122194663,0.175120962
100,relu,5,SGD,Xavier,0.001,0.122434855,0.397945368
200,sigmoid,5,Adam,small_random,0.001,0.12251085,0.365141953
100,tanh,8,SGD,small_random,0,0.123416506,0.252045866
100,tanh,5,SGD,small_random,0.001,0.123490699,0.215593926
100,relu,8,SGD,small_random,0.001,0.124296211,0.180951456
100,sigmoid,11,SGD,small_random,0,0.125331998,0.219842899
200,relu,5,Momentum,small_random,0.001,0.125793472,0.233356903
100,sigmoid,8,SGD,Xavier,0.0001,0.126443446,0.188484
100,sigmoid,5,SGD,Xavier,0,0.126678213,0.11560799
200,tanh,5,SGD,small_random,0,0.127989516,0.104306659
200,relu,8,SGD,small_random,0,0.128377706,0.161552307
100,relu,11,Adam,small_random,0.0001,0.128588676,0.521038394
200,sigmoid,8,SGD,small_random,0.0001,0.128955886,0.089402946
200,sigmoid,5,SGD,small_random,0,0.129920438,0.120497587
100,relu,8,Adam,small_random,0,0.131721348,0.577486484
300,relu,5,SGD,small_random,0,0.131962001,0.178145373
200,relu,5,Adam,small_random,0.0001,0.132270068,0.27422917
100,relu,5,SGD_with_cosine,Xavier,0,0.132662162,0.194568902
200,tanh,5,SGD,small_random,0.001,0.133135661,0.135689712
100,tanh,5,Adam,small_random,0.001,0.133336604,0.492534172
100,relu,5,SGD,small_random,0,0.136761501,0.161667175
300,tanh,11,SGD_with_cosine,Xavier,0.001,0.139328584,0.160296212
100,sigmoid,11,SGD,small_random,0.0001,0.139714405,0.205954476
100,tanh,5,SGD,small_random,0,0.140222892,0.327407092
100,sigmoid,11,SGD,small_random,0.001,0.143284887,0.163003777
200,relu,5,Adam,small_random,0,0.147018254,0.329832654
100,sigmoid,5,SGD,small_random,0.0001,0.149468526,0.157827667
100,relu,11,Adam,small_random,0.001,0.149716526,0.499386583
100,sigmoid,5,SGD,small_random,0.001,0.154072627,0.104350397
100,relu,5,Adam,small_random,0,0.154157579,0.283764662
100,tanh,11,Adam,small_random,0,0.154537201,0.257369248
200,relu,8,Adam,small_random,0.001,0.155332208,0.318788819
200,sigmoid,8,Momentum_with_cosine,Xavier,0.001,0.156342477,0.150335702
100,relu,11,SGD,small_random,0.0001,0.156474069,0.270130367
200,sigmoid,5,SGD,small_random,0.0001,0.158842295,0.156437792
300,tanh,11,Momentum_with_cosine,Xavier,0.0001,0.165442318,0.214605697
100,sigmoid,5,SGD,small_random,0,0.177513272,0.181399379
200,relu,5,SGD,small_random,0.001,0.178781584,0.217578486
200,sigmoid,8,Adam_with_cosine,Xavier,0,0.183924735,0.146075496
100,relu,8,Adam,small_random,0.001,0.18736957,0.409579518
200,relu,5,Adam,small_random,0.001,0.193211049,0.503252627
300,sigmoid,8,Adam_with_cosine,Xavier,0.001,0.194825709,0.134554895
200,sigmoid,11,Momentum_with_cosine,Xavier,0.001,0.206407145,0.146438903
100,sigmoid,5,Adam_with_cosine,Xavier,0.0001,0.211307645,0.181433788
200,sigmoid,8,SGD_with_cosine,small_random,0.0001,0.21344997,0.172698112
200,relu,11,SGD_with_cosine,Xavier,0.0001,0.214177802,0.135336571
300,sigmoid,11,Adam_with_cosine,Xavier,0.001,0.220646963,0.215529378
300,sigmoid,8,Momentum_with_cosine,small_random,0.001,0.225147322,0.263620956
300,sigmoid,5,Momentum_with_cosine,small_random,0,0.225762695,0.192945498
100,sigmoid,8,Adam_with_cosine,small_random,0.0001,0.229221374,0.329058277
200,tanh,11,Momentum_with_cosine,Xavier,0.0001,0.231347486,0.249746452
200,tanh,11,SGD_with_cosine,Xavier,0.0001,0.231480673,0.479093857
100,tanh,5,Adam_with_cosine,Xavier,0,0.235271484,0.22664652
200,sigmoid,11,Adam_with_cosine,Xavier,0.001,0.237275764,0.154007523
300,tanh,8,SGD_with_cosine,Xavier,0.001,0.239443824,0.497255696
200,sigmoid,5,Adam_with_cosine,Xavier,0.001,0.240388855,0.127309868
100,sigmoid,5,Momentum_with_cosine,Xavier,0.0001,0.24085778,0.160173482
300,relu,8,SGD_with_cosine,Xavier,0.001,0.241711304,0.339318598
200,sigmoid,5,SGD_with_cosine,Xavier,0,0.242982045,0.158550199
100,relu,8,SGD_with_cosine,Xavier,0,0.250469297,0.458932413
100,relu,5,SGD_with_cosine,Xavier,0.0001,0.251945704,0.392333023
200,relu,5,Momentum,Xavier,0,0.260640621,0.146417773
100,relu,5,Momentum,small_random,0,0.260986209,0.146587465
100,sigmoid,11,SGD_with_cosine,small_random,0.0001,0.261246651,0.229721996
100,sigmoid,8,SGD_with_cosine,small_random,0.001,0.264196396,0.33803842
100,tanh,5,SGD_with_cosine,Xavier,0.0001,0.266971946,0.550338173
300,relu,5,SGD_with_cosine,Xavier,0.0001,0.267667472,0.358937289
200,relu,11,Momentum_with_cosine,Xavier,0.001,0.267972082,0.262128669
300,tanh,8,Momentum_with_cosine,Xavier,0.001,0.269277722,0.300070832
200,sigmoid,8,Momentum_with_cosine,Xavier,0,0.272328019,0.281152865
100,relu,11,Adam_with_cosine,Xavier,0.001,0.272615612,0.272384047
200,tanh,5,Adam_with_cosine,small_random,0,0.281255692,0.388970886
300,relu,11,Adam_with_cosine,Xavier,0.001,0.286281168,0.469628719
200,sigmoid,11,Adam_with_cosine,small_random,0.0001,0.293099463,0.27531692
100,sigmoid,5,Momentum_with_cosine,Xavier,0,0.293715507,0.358799434
200,tanh,11,Adam_with_cosine,Xavier,0.001,0.294658065,0.515848508
100,relu,5,Adam,small_random,0.0001,0.297034144,0.600568806
200,tanh,8,Adam_with_cosine,Xavier,0.0001,0.298253566,0.494050739
200,relu,11,Adam_with_cosine,Xavier,0.0001,0.300197273,0.36648409
300,sigmoid,8,SGD_with_cosine,Xavier,0,0.302135944,0.180520346
100,tanh,11,Momentum_with_cosine,small_random,0,0.303922802,0.636809351
100,relu,5,Momentum_with_cosine,Xavier,0,0.312664717,0.188347578
100,sigmoid,11,Momentum_with_cosine,Xavier,0.0001,0.313349038,0.244489465
100,sigmoid,8,Momentum_with_cosine,small_random,0.0001,0.314254552,0.391004663
100,relu,5,Momentum_with_cosine,Xavier,0.001,0.315261781,0.341507545
100,sigmoid,8,SGD_with_cosine,Xavier,0.001,0.315307796,0.138280962
200,sigmoid,11,SGD_with_cosine,Xavier,0.001,0.320819825,0.187831676
200,tanh,11,SGD_with_cosine,Xavier,0.001,0.322320163,0.535528712
100,relu,5,Adam_with_cosine,Xavier,0.001,0.323389769,0.412929697
100,tanh,8,SGD_with_cosine,Xavier,0,0.326446742,0.284920096
200,tanh,8,Adam_with_cosine,Xavier,0,0.329577446,0.259077917
100,sigmoid,5,SGD_with_cosine,Xavier,0.001,0.332886785,0.184415484
200,relu,11,Adam_with_cosine,Xavier,0,0.334272444,0.367874089
100,tanh,5,Momentum_with_cosine,Xavier,0.001,0.335526049,0.272827449
100,sigmoid,5,Momentum_with_cosine,small_random,0.0001,0.336954564,0.387834957
200,relu,11,Momentum_with_cosine,Xavier,0,0.340119869,0.528265264
100,sigmoid,5,Adam_with_cosine,small_random,0,0.344684541,0.401777665
200,tanh,8,SGD_with_cosine,Xavier,0.001,0.347434402,0.22035044
300,tanh,8,Adam_with_cosine,Xavier,0.001,0.347904712,0.568386843
100,sigmoid,5,Adam_with_cosine,small_random,0.0001,0.350413114,0.438017712
300,sigmoid,11,SGD_with_cosine,Xavier,0.001,0.356221259,0.431238218
100,sigmoid,11,Momentum_with_cosine,small_random,0.001,0.358475238,0.172464686
200,sigmoid,8,SGD_with_cosine,Xavier,0,0.363183111,0.387602012
300,sigmoid,8,Momentum_with_cosine,Xavier,0,0.364548326,0.205002341
100,relu,8,Adam_with_cosine,Xavier,0.0001,0.36517027,0.166144211
300,tanh,11,Momentum_with_cosine,Xavier,0.001,0.36711973,0.200037991
300,sigmoid,5,Adam_with_cosine,Xavier,0,0.376774549,0.164979248
300,tanh,8,Momentum_with_cosine,small_random,0.0001,0.376954675,0.453713198
200,tanh,5,Momentum_with_cosine,Xavier,0.0001,0.380440146,0.20563144
100,sigmoid,8,SGD_with_cosine,Xavier,0,0.384259462,0.438545823
100,sigmoid,5,SGD_with_cosine,small_random,0.001,0.384272099,0.232415887
200,sigmoid,8,Adam_with_cosine,Xavier,0.001,0.385324031,0.210538234
300,sigmoid,5,Adam_with_cosine,small_random,0,0.390035242,0.449010533
100,sigmoid,11,SGD_with_cosine,Xavier,0.001,0.392058015,0.511300571
200,relu,8,Momentum_with_cosine,Xavier,0.0001,0.395671189,0.364635251
200,sigmoid,5,Adam_with_cosine,small_random,0.001,0.399989456,0.340655206
300,relu,8,Momentum_with_cosine,small_random,0.0001,0.401273161,0.268615786
100,relu,5,SGD_with_cosine,Xavier,0.001,0.405626208,0.385568509
100,sigmoid,11,Adam_with_cosine,Xavier,0.001,0.407237828,0.375384225
100,relu,11,Adam_with_cosine,small_random,0.0001,0.407569051,0.198106561
300,tanh,5,Adam_with_cosine,Xavier,0.001,0.408180207,0.268629346
300,tanh,11,Adam_with_cosine,small_random,0.001,0.412953913,0.86725076
100,sigmoid,11,Momentum_with_cosine,small_random,0.0001,0.413086593,0.549114416
300,sigmoid,11,Adam_with_cosine,small_random,0,0.418145508,0.327483169
300,tanh,8,Adam_with_cosine,Xavier,0.0001,0.419051945,0.493138473
200,relu,5,Adam_with_cosine,Xavier,0.001,0.420061409,0.62179555
100,relu,11,Momentum_with_cosine,Xavier,0.0001,0.421096563,0.321907521
300,sigmoid,5,Adam_with_cosine,Xavier,0.0001,0.422189415,0.284979553
200,relu,11,SGD_with_cosine,Xavier,0,0.422592103,0.488923447
100,sigmoid,5,SGD_with_cosine,Xavier,0.0001,0.422890365,0.386979166
200,sigmoid,11,SGD_with_cosine,small_random,0.0001,0.422975034,0.468747001
200,sigmoid,5,Adam_with_cosine,Xavier,0.0001,0.428075969,0.27248071
100,tanh,11,SGD_with_cosine,Xavier,0.001,0.436859161,0.689438153
100,tanh,8,Momentum_with_cosine,small_random,0.0001,0.437367767,0.326754427
100,relu,5,Adam,small_random,0.001,0.438378423,0.55251935
200,sigmoid,5,Adam_with_cosine,small_random,0,0.438796103,0.36850708
300,tanh,5,SGD_with_cosine,Xavier,0.0001,0.439141631,0.216388001
300,sigmoid,8,Adam_with_cosine,small_random,0,0.440960944,0.32623326
300,sigmoid,11,Momentum_with_cosine,small_random,0,0.442474574,0.339367998
200,relu,8,Momentum_with_cosine,Xavier,0.001,0.445472002,0.71100429
100,tanh,8,Momentum_with_cosine,Xavier,0,0.445822924,0.311486459
100,relu,5,Adam_with_cosine,small_random,0,0.446194082,0.524667123
300,relu,11,SGD_with_cosine,Xavier,0.001,0.447863936,0.50866996
100,tanh,5,Momentum_with_cosine,Xavier,0,0.451091737,0.168879364
200,relu,11,SGD_with_cosine,Xavier,0.001,0.452718168,0.517914604
100,tanh,8,Momentum_with_cosine,small_random,0.001,0.45424518,0.398647419
100,tanh,5,Momentum_with_cosine,small_random,0.001,0.455191851,0.386204643
100,sigmoid,5,SGD_with_cosine,small_random,0.0001,0.455481261,0.327419991
200,sigmoid,11,Momentum_with_cosine,Xavier,0,0.456998467,0.323348216
200,sigmoid,8,Adam_with_cosine,small_random,0.0001,0.459751695,0.258415536
200,sigmoid,5,Momentum_with_cosine,Xavier,0,0.464598387,0.346499627
200,tanh,8,Momentum_with_cosine,Xavier,0.001,0.465170979,0.14643049
100,tanh,8,Momentum_with_cosine,Xavier,0.001,0.465707213,0.734414538
200,relu,5,Adam_with_cosine,small_random,0.0001,0.466580629,0.837952728
200,sigmoid,8,SGD_with_cosine,Xavier,0.001,0.467354447,0.344229298
100,relu,11,Momentum_with_cosine,small_random,0,0.468756497,0.864996171
200,sigmoid,5,Adam_with_cosine,small_random,0.0001,0.469470888,0.523350311
300,sigmoid,8,Momentum_with_cosine,small_random,0,0.4719235,0.41272686
100,sigmoid,8,Momentum_with_cosine,small_random,0,0.47494635,0.361907594
200,relu,5,Momentum_with_cosine,small_random,0.0001,0.475134999,0.303496226
100,sigmoid,5,SGD_with_cosine,small_random,0,0.476884305,0.342113002
100,tanh,11,Adam_with_cosine,Xavier,0.0001,0.477128208,0.652896987
200,tanh,8,Momentum_with_cosine,Xavier,0.0001,0.478794098,0.301935
200,sigmoid,11,Adam_with_cosine,small_random,0,0.483016014,0.264760701
200,tanh,8,SGD_with_cosine,Xavier,0.0001,0.483349085,1.280841279
300,relu,5,SGD_with_cosine,Xavier,0.001,0.493929386,0.435329081
100,tanh,11,Momentum_with_cosine,Xavier,0.0001,0.495187223,0.381016063
100,sigmoid,11,Adam_with_cosine,small_random,0,0.49645099,0.423112182
200,sigmoid,5,SGD_with_cosine,small_random,0.001,0.504764676,0.326381114
100,relu,11,Momentum_with_cosine,Xavier,0.001,0.508848608,0.408701195
300,relu,5,Adam_with_cosine,Xavier,0.0001,0.509248853,0.52429769
200,tanh,5,SGD_with_cosine,Xavier,0.0001,0.510255635,0.640652559
300,relu,11,SGD_with_cosine,Xavier,0,0.517382443,0.496039348
100,sigmoid,11,Adam_with_cosine,Xavier,0,0.522082269,0.566140707
200,sigmoid,8,Adam_with_cosine,Xavier,0.0001,0.522732079,0.519140448
300,sigmoid,11,Adam_with_cosine,Xavier,0.0001,0.524465501,0.497962293
300,relu,8,SGD_with_cosine,small_random,0,0.526057422,0.926695935
200,tanh,5,Adam_with_cosine,Xavier,0,0.528731346,0.708739639
200,tanh,11,SGD_with_cosine,small_random,0.001,0.531503677,1.067731284
300,tanh,11,Adam_with_cosine,small_random,0.0001,0.532480597,0.826368387
300,sigmoid,11,SGD_with_cosine,small_random,0.0001,0.539750755,0.487907363
200,tanh,8,Momentum_with_cosine,Xavier,0,0.541588128,0.455319221
300,sigmoid,5,Momentum_with_cosine,Xavier,0.001,0.542322695,0.386184137
300,tanh,5,Momentum_with_cosine,Xavier,0.001,0.546233833,0.591830746
300,sigmoid,11,Adam_with_cosine,small_random,0.0001,0.549324572,0.405143424
200,sigmoid,5,Momentum_with_cosine,Xavier,0.0001,0.552299678,0.472047891
200,sigmoid,5,SGD_with_cosine,Xavier,0.001,0.555659115,0.478775061
200,relu,8,Momentum_with_cosine,small_random,0,0.556492627,0.63869708
100,relu,5,Adam_with_cosine,Xavier,0.0001,0.557416022,0.363179602
200,relu,8,SGD_with_cosine,Xavier,0.001,0.567550957,0.414936075
200,sigmoid,8,Adam_with_cosine,small_random,0.001,0.577675998,0.543824086
200,relu,5,SGD_with_cosine,Xavier,0.0001,0.577777803,0.870996528
200,tanh,11,Adam_with_cosine,small_random,0.001,0.577875912,0.455106744
300,tanh,5,Adam_with_cosine,Xavier,0,0.58012253,0.480969572
300,tanh,8,SGD_with_cosine,small_random,0.001,0.5807513,0.892414321
200,relu,11,Momentum_with_cosine,Xavier,0.0001,0.58595711,0.716130558
300,tanh,11,Momentum_with_cosine,small_random,0.0001,0.586002111,0.990154274
300,sigmoid,5,Momentum_with_cosine,small_random,0.001,0.588834405,0.572204615
300,relu,5,Momentum_with_cosine,small_random,0,0.589030504,0.532830654
200,tanh,5,Adam_with_cosine,Xavier,0.0001,0.592900574,0.808582962
100,relu,8,Adam_with_cosine,Xavier,0,0.598921955,1.010597302
200,tanh,11,SGD_with_cosine,Xavier,0,0.599718273,0.316999987
100,tanh,11,Momentum_with_cosine,Xavier,0,0.609650016,0.317637933
200,sigmoid,11,Momentum_with_cosine,Xavier,0.0001,0.613699615,0.567407864
200,relu,5,SGD_with_cosine,Xavier,0.001,0.618617296,0.573126054
200,relu,5,Adam_with_cosine,Xavier,0,0.62286371,0.629726568
300,relu,5,Momentum_with_cosine,Xavier,0.001,0.625452518,0.484225399
200,sigmoid,5,Adam_with_cosine,Xavier,0,0.633399248,0.724818556
100,relu,11,SGD_with_cosine,Xavier,0,0.63516891,0.838169534
300,tanh,5,Adam_with_cosine,Xavier,0.0001,0.635318041,0.553427752
300,relu,11,Adam_with_cosine,Xavier,0,0.642050266,0.672784681
100,tanh,8,Adam_with_cosine,Xavier,0.001,0.642805398,0.682382633
200,sigmoid,8,SGD_with_cosine,Xavier,0.0001,0.643547356,0.585250384
100,tanh,11,SGD_with_cosine,Xavier,0.0001,0.644387126,1.094783687
300,relu,5,SGD_with_cosine,small_random,0.0001,0.645340085,0.613004648
300,tanh,8,Momentum_with_cosine,Xavier,0.0001,0.647563934,0.38076371
100,relu,11,Adam_with_cosine,Xavier,0,0.651726186,0.42947708
200,sigmoid,5,Momentum_with_cosine,small_random,0.001,0.653752506,0.277427633
300,sigmoid,5,SGD_with_cosine,Xavier,0.001,0.656306207,0.630756794
100,relu,8,SGD_with_cosine,Xavier,0.001,0.663162291,0.360169498
300,tanh,5,Adam_with_cosine,small_random,0.001,0.6664657,0.591655984
300,sigmoid,5,Momentum_with_cosine,Xavier,0.0001,0.667455137,0.495733125
300,tanh,11,Momentum_with_cosine,small_random,0,0.67021215,0.791349195
300,tanh,5,Adam_with_cosine,small_random,0,0.670884013,1.183179613
300,sigmoid,11,SGD_with_cosine,small_random,0,0.671155095,0.318736853
200,relu,8,Adam_with_cosine,small_random,0.001,0.679506063,0.754230433
200,tanh,5,Adam_with_cosine,Xavier,0.001,0.680743873,0.699259752
100,sigmoid,8,SGD_with_cosine,Xavier,0.0001,0.681622982,0.754038459
200,tanh,5,Momentum_with_cosine,Xavier,0,0.685318828,0.583224973
100,tanh,11,SGD_with_cosine,small_random,0.001,0.68554908,1.049545952
200,relu,5,Momentum_with_cosine,Xavier,0.001,0.687274694,0.65513141
100,relu,11,Adam_with_cosine,Xavier,0.0001,0.690767288,1.187610746
200,relu,5,Adam_with_cosine,Xavier,0.0001,0.6912148,1.208581919
300,sigmoid,11,SGD_with_cosine,small_random,0.001,0.692115605,0.305369864
300,relu,11,Momentum_with_cosine,Xavier,0,0.694123864,0.470375742
300,relu,8,Adam_with_cosine,Xavier,0.0001,0.694939554,0.54881514
100,tanh,8,Adam_with_cosine,small_random,0.001,0.697655678,0.880459345
300,sigmoid,8,Momentum_with_cosine,Xavier,0.0001,0.700177908,0.462471843
300,relu,8,Adam_with_cosine,Xavier,0.001,0.706885636,1.329639112
100,sigmoid,5,SGD_with_cosine,Xavier,0,0.712162316,0.859310442
200,relu,8,Momentum_with_cosine,Xavier,0,0.712253749,0.870789331
100,tanh,5,Adam_with_cosine,Xavier,0.0001,0.715435386,0.531089684
300,tanh,5,Momentum_with_cosine,Xavier,0.0001,0.720498443,0.35314981
100,sigmoid,11,Adam_with_cosine,small_random,0.0001,0.721031129,0.407509191
100,tanh,5,Momentum_with_cosine,small_random,0.0001,0.724755704,1.023255964
200,sigmoid,11,Momentum_with_cosine,small_random,0,0.72845155,0.762921187
100,sigmoid,11,Momentum_with_cosine,Xavier,0.001,0.729993701,0.870049757
100,relu,8,SGD_with_cosine,small_random,0,0.732421994,1.430066443
200,tanh,8,Momentum_with_cosine,small_random,0.001,0.734059215,0.582569439
100,sigmoid,8,Adam_with_cosine,small_random,0,0.734111726,0.881455048
100,tanh,8,Adam_with_cosine,small_random,0.0001,0.738860786,0.439374269
300,relu,11,Adam_with_cosine,Xavier,0.0001,0.740785539,0.844473692
300,sigmoid,8,Momentum_with_cosine,small_random,0.0001,0.745792449,0.717170247
300,relu,5,Momentum_with_cosine,Xavier,0,0.754028559,0.712883713
200,tanh,11,Adam_with_cosine,Xavier,0.0001,0.754680872,0.292750597
100,relu,11,SGD_with_cosine,Xavier,0.001,0.7592237,0.568988404
200,sigmoid,11,Adam_with_cosine,small_random,0.001,0.759974301,0.711340252
100,sigmoid,11,Momentum_with_cosine,Xavier,0,0.764621317,0.776000664
300,relu,5,Momentum_with_cosine,Xavier,0.0001,0.766131639,0.621357502
300,sigmoid,8,Adam_with_cosine,small_random,0.001,0.776204824,0.815668043
200,tanh,11,SGD_with_cosine,small_random,0,0.783792317,0.680905147
200,tanh,8,SGD_with_cosine,small_random,0.001,0.78478092,0.657329533
100,relu,8,Momentum_with_cosine,Xavier,0.0001,0.784973562,0.910114404
300,tanh,11,SGD_with_cosine,small_random,0,0.787718713,0.357142372
200,relu,5,Momentum_with_cosine,Xavier,0.0001,0.790182412,1.024244789
300,tanh,8,Adam_with_cosine,small_random,0.001,0.79078263,0.611713926
100,sigmoid,11,Momentum_with_cosine,small_random,0,0.794436455,0.622385805
100,tanh,8,SGD_with_cosine,Xavier,0.001,0.79445529,0.922186839
100,tanh,11,SGD_with_cosine,Xavier,0,0.797285557,0.834139489
100,relu,8,Adam_with_cosine,small_random,0.0001,0.800530612,1.334478356
200,sigmoid,11,SGD_with_cosine,Xavier,0.0001,0.801389039,0.773933154
300,tanh,11,SGD_with_cosine,Xavier,0.0001,0.804572999,1.243514644
100,tanh,8,Adam_with_cosine,Xavier,0,0.805899501,0.909641574
200,relu,8,SGD_with_cosine,small_random,0,0.80636543,0.845480064
300,tanh,5,SGD_with_cosine,small_random,0,0.808297515,0.52501345
200,sigmoid,8,Momentum_with_cosine,small_random,0,0.812436581,0.514425264
200,relu,8,Momentum_with_cosine,small_random,0.0001,0.819194853,1.462853353
100,sigmoid,8,SGD_with_cosine,small_random,0,0.823227406,0.894039427
200,tanh,8,SGD_with_cosine,small_random,0.0001,0.82523185,1.063700391
100,relu,8,Adam_with_cosine,small_random,0,0.826200604,0.203089182
200,relu,11,SGD_with_cosine,small_random,0.001,0.826551914,0.705586499
200,sigmoid,8,SGD_with_cosine,small_random,0,0.827285528,0.981244394
300,relu,8,Adam_with_cosine,Xavier,0,0.835868061,0.736287333
300,relu,11,SGD_with_cosine,Xavier,0.0001,0.838379383,1.014409004
300,relu,5,Adam_with_cosine,small_random,0.0001,0.839772582,0.833447588
200,tanh,5,Momentum_with_cosine,small_random,0,0.840958059,0.887139696
200,tanh,11,Momentum_with_cosine,Xavier,0.001,0.84898591,0.884117538
100,tanh,11,Adam_with_cosine,Xavier,0,0.849945724,0.96788939
300,relu,11,Momentum_with_cosine,Xavier,0.001,0.852903366,0.387300247
200,tanh,11,SGD_with_cosine,small_random,0.0001,0.85846591,0.680347354
200,relu,8,SGD_with_cosine,Xavier,0.0001,0.859822273,0.876598988
200,tanh,5,SGD_with_cosine,small_random,0.001,0.860149443,0.814276334
300,sigmoid,11,SGD_with_cosine,Xavier,0.0001,0.862635314,0.721671159
200,tanh,8,Adam_with_cosine,small_random,0.001,0.863006353,0.788761114
300,tanh,8,Adam_with_cosine,Xavier,0,0.865187347,0.489695919
300,sigmoid,5,SGD_with_cosine,Xavier,0,0.866924405,0.990623323
300,tanh,8,SGD_with_cosine,small_random,0,0.870759249,0.756480377
200,sigmoid,8,SGD_with_cosine,small_random,0.001,0.8745116,1.11258129
300,tanh,5,SGD_with_cosine,small_random,0.0001,0.875324488,0.678664147
300,sigmoid,11,SGD_with_cosine,Xavier,0,0.87656796,0.780759808
200,tanh,5,SGD_with_cosine,Xavier,0.001,0.879183888,1.134949668
300,tanh,11,Momentum_with_cosine,Xavier,0,0.882813931,0.355796474
100,relu,8,SGD_with_cosine,Xavier,0.0001,0.893964767,0.686170961
100,sigmoid,5,Momentum_with_cosine,small_random,0.001,0.899373055,0.652770258
100,tanh,8,SGD_with_cosine,small_random,0.001,0.906100512,0.470736879
100,sigmoid,8,SGD_with_cosine,small_random,0.0001,0.907913685,0.521574022
200,tanh,8,SGD_with_cosine,Xavier,0,0.908210337,0.783923875
200,relu,5,Momentum_with_cosine,small_random,0,0.912279367,0.988225447
100,relu,5,Adam_with_cosine,Xavier,0,0.912891686,0.666073759
200,relu,5,Momentum_with_cosine,Xavier,0,0.913942158,0.99413136
300,relu,8,Momentum_with_cosine,Xavier,0.001,0.919575453,0.250485696
200,sigmoid,5,Momentum_with_cosine,small_random,0,0.921604574,0.913361435
100,relu,5,Adam_with_cosine,small_random,0.0001,0.924534678,1.133224197
200,tanh,8,Adam_with_cosine,small_random,0,0.926126063,0.895319823
300,sigmoid,8,Adam_with_cosine,Xavier,0.0001,0.930257022,0.991660801
100,relu,5,Adam_with_cosine,small_random,0.001,0.93032825,1.171485389
200,tanh,11,Momentum_with_cosine,small_random,0.001,0.931457102,0.379335693
100,sigmoid,8,Momentum_with_cosine,Xavier,0,0.934897006,0.9238633
200,relu,11,Adam_with_cosine,Xavier,0.001,0.939007759,0.545178509
300,relu,11,SGD_with_cosine,small_random,0,0.940613329,2.053011495
100,tanh,11,Adam_with_cosine,small_random,0.001,0.941251397,0.383960721
200,sigmoid,11,Adam_with_cosine,Xavier,0.0001,0.944865465,0.946186527
300,tanh,11,Adam_with_cosine,Xavier,0,0.946022749,0.46999116
100,relu,8,Momentum_with_cosine,small_random,0.001,0.946675777,0.501438688
300,sigmoid,8,Adam_with_cosine,Xavier,0,0.948208869,0.983575524
300,tanh,8,SGD_with_cosine,Xavier,0,0.949840724,0.766739415
200,sigmoid,8,Momentum_with_cosine,small_random,0.0001,0.960969508,0.773987901
100,relu,8,Momentum_with_cosine,Xavier,0.001,0.961919188,1.53765831
200,tanh,11,Adam_with_cosine,small_random,0,0.963309228,0.937667078
200,relu,8,Adam_with_cosine,Xavier,0.0001,0.964490831,0.684804925
200,relu,5,SGD_with_cosine,Xavier,0,0.967707694,1.440601776
300,tanh,8,Momentum_with_cosine,Xavier,0,0.972149372,0.771701773
300,tanh,5,SGD_with_cosine,Xavier,0,0.984811366,0.719403178
100,tanh,11,Momentum_with_cosine,small_random,0.0001,0.98651427,0.81488835
100,tanh,11,SGD_with_cosine,small_random,0,0.99187547,0.679920016
300,relu,5,Adam_with_cosine,small_random,0,0.998980582,0.97769776
100,relu,5,Momentum_with_cosine,Xavier,0.0001,0.999727666,0.387241989
300,relu,8,Momentum_with_cosine,Xavier,0,1.003837705,0.819265395
100,sigmoid,5,Adam_with_cosine,Xavier,0.001,1.008283377,0.999361088
200,sigmoid,5,Momentum_with_cosine,Xavier,0.001,1.015916467,0.89627315
100,tanh,5,Momentum_with_cosine,Xavier,0.0001,1.016152859,1.146336191
100,tanh,5,Adam_with_cosine,small_random,0.001,1.016640902,0.352853287
200,tanh,8,Momentum_with_cosine,small_random,0,1.018990874,0.848025483
300,relu,5,SGD_with_cosine,small_random,0.001,1.022305846,0.952304531
100,tanh,5,SGD_with_cosine,Xavier,0,1.024406672,1.45072656
100,sigmoid,11,SGD_with_cosine,Xavier,0.0001,1.025429606,1.039896831
100,relu,11,Momentum_with_cosine,small_random,0.001,1.030621648,0.84155889
200,sigmoid,5,SGD_with_cosine,Xavier,0.0001,1.041954637,1.08075465
100,tanh,5,Adam_with_cosine,Xavier,0.001,1.042736411,0.556664409
300,relu,8,SGD_with_cosine,small_random,0.0001,1.046999693,0.499371832
300,relu,8,SGD_with_cosine,Xavier,0.0001,1.052336335,1.19059645
300,sigmoid,8,SGD_with_cosine,Xavier,0.0001,1.053474307,1.083177056
200,sigmoid,8,Momentum_with_cosine,Xavier,0.0001,1.05488503,1.032084534
300,sigmoid,5,Momentum_with_cosine,small_random,0.0001,1.058003068,1.344964856
300,tanh,8,Adam_with_cosine,small_random,0,1.060112119,0.633659907
100,tanh,8,Adam_with_cosine,Xavier,0.0001,1.064538836,0.46011076
200,sigmoid,5,SGD_with_cosine,small_random,0.0001,1.064889193,1.131026122
200,relu,8,Adam_with_cosine,Xavier,0,1.069029689,1.054126635
200,tanh,11,Momentum_with_cosine,small_random,0,1.083980441,1.040764432
200,tanh,11,Momentum_with_cosine,small_random,0.0001,1.087868452,1.048803554
100,sigmoid,8,Adam_with_cosine,small_random,0.001,1.089532018,1.170220398
200,relu,5,Adam_with_cosine,small_random,0,1.096333385,1.802585695
100,sigmoid,5,Momentum_with_cosine,Xavier,0.001,1.11791873,0.971373283
300,relu,5,Adam_with_cosine,small_random,0.001,1.119905353,0.920638213
100,sigmoid,11,Adam_with_cosine,small_random,0.001,1.124135971,1.26230492
100,relu,8,Momentum_with_cosine,Xavier,0,1.143664837,0.975012495
300,relu,11,Momentum_with_cosine,Xavier,0.0001,1.14499712,1.099658287
100,sigmoid,5,Adam_with_cosine,small_random,0.001,1.150375009,1.150940764
300,tanh,8,SGD_with_cosine,Xavier,0.0001,1.159789443,1.0367396
200,tanh,5,Momentum_with_cosine,small_random,0.001,1.161771655,1.629975245
200,sigmoid,11,Momentum_with_cosine,small_random,0.0001,1.166024923,0.907417065
200,tanh,11,Momentum_with_cosine,Xavier,0,1.166955948,0.872765713
300,relu,8,Momentum_with_cosine,Xavier,0.0001,1.168730378,1.113505827
200,relu,5,SGD_with_cosine,small_random,0,1.170083642,1.621443712
100,tanh,8,Momentum_with_cosine,Xavier,0.0001,1.17361331,1.419790421
300,tanh,11,SGD_with_cosine,small_random,0.0001,1.175312996,0.798131811
300,sigmoid,5,Adam_with_cosine,Xavier,0.001,1.177240372,1.156633207
300,relu,5,Momentum_with_cosine,small_random,0.001,1.179929495,1.460437976
300,sigmoid,5,SGD_with_cosine,Xavier,0.0001,1.18429172,1.214814941
200,sigmoid,8,Momentum_with_cosine,small_random,0.001,1.18762958,1.319778527
300,sigmoid,5,SGD_with_cosine,small_random,0.001,1.197080016,1.587111069
300,relu,8,SGD_with_cosine,Xavier,0,1.198589444,1.259201544
200,tanh,11,Adam_with_cosine,small_random,0.0001,1.207171202,0.66208334
100,sigmoid,8,Adam_with_cosine,Xavier,0,1.207578182,1.212540741
300,relu,5,Adam_with_cosine,Xavier,0.001,1.210608363,1.174518702
300,relu,8,Adam_with_cosine,small_random,0,1.211720943,1.932461812
200,tanh,8,Adam_with_cosine,Xavier,0.001,1.212707162,0.726267367
100,relu,11,SGD_with_cosine,Xavier,0.0001,1.221319318,1.115895657
100,tanh,5,SGD_with_cosine,Xavier,0.001,1.222883463,1.246268557
300,sigmoid,11,Momentum_with_cosine,small_random,0.001,1.223200679,1.050281297
300,tanh,8,Momentum_with_cosine,small_random,0.001,1.223937988,1.338208788
300,sigmoid,8,SGD_with_cosine,Xavier,0.001,1.229802489,1.375115309
200,sigmoid,5,Momentum_with_cosine,small_random,0.0001,1.232769012,1.080398171
300,sigmoid,5,Adam_with_cosine,small_random,0.0001,1.239798307,0.902717809
200,sigmoid,11,Momentum_with_cosine,small_random,0.001,1.24620831,1.263433926
100,tanh,5,Adam_with_cosine,small_random,0,1.255941272,0.798280255
300,tanh,5,Momentum_with_cosine,small_random,0,1.26027143,1.45428227
300,sigmoid,8,SGD_with_cosine,small_random,0,1.26543653,1.247633659
100,tanh,11,SGD_with_cosine,small_random,0.0001,1.268202782,1.751297615
300,sigmoid,11,Momentum_with_cosine,Xavier,0.001,1.274330616,1.203508996
300,relu,8,Momentum_with_cosine,small_random,0.001,1.278070092,2.849016513
300,tanh,5,Momentum_with_cosine,small_random,0.0001,1.279552341,1.96467654
300,tanh,11,SGD_with_cosine,Xavier,0,1.285780072,0.698439567
100,relu,5,Momentum_with_cosine,small_random,0.001,1.288353682,2.315586666
300,tanh,11,SGD_with_cosine,small_random,0.001,1.290985823,1.326655521
200,relu,8,Adam_with_cosine,small_random,0,1.293865323,1.37397386
300,sigmoid,11,Adam_with_cosine,small_random,0.001,1.307989001,1.070279777
100,tanh,11,Momentum_with_cosine,small_random,0.001,1.310104012,0.956247627
100,tanh,5,SGD_with_cosine,small_random,0.0001,1.314008474,1.105749547
200,tanh,8,Adam_with_cosine,small_random,0.0001,1.314184308,1.815719112
300,tanh,8,SGD_with_cosine,small_random,0.0001,1.316425323,2.07968544
200,tanh,5,SGD_with_cosine,small_random,0.0001,1.3194139,1.164332044
300,sigmoid,8,Adam_with_cosine,small_random,0.0001,1.320997715,1.037811083
200,tanh,8,SGD_with_cosine,small_random,0,1.322736025,1.210649324
200,tanh,5,Momentum_with_cosine,small_random,0.0001,1.342298031,0.879714948
100,relu,5,SGD_with_cosine,small_random,0,1.348513007,1.372502438
200,tanh,5,Momentum_with_cosine,Xavier,0.001,1.348700285,1.208084871
200,sigmoid,8,Adam_with_cosine,small_random,0,1.358096838,1.320003733
300,sigmoid,11,Momentum_with_cosine,small_random,0.0001,1.369233847,1.553788027
300,tanh,11,Adam_with_cosine,Xavier,0.001,1.394116879,1.510132246
100,tanh,5,Momentum_with_cosine,small_random,0,1.414096355,1.360101435
100,sigmoid,5,Adam_with_cosine,Xavier,0,1.418710828,1.400416208
100,tanh,8,SGD_with_cosine,Xavier,0.0001,1.42371583,1.72892057
300,tanh,5,SGD_with_cosine,small_random,0.001,1.432085395,0.870763681
100,tanh,8,Momentum_with_cosine,small_random,0,1.436547279,1.286253542
300,tanh,8,Momentum_with_cosine,small_random,0,1.445596814,0.991121189
300,relu,11,SGD_with_cosine,small_random,0.001,1.451302052,0.626832467
100,tanh,5,SGD_with_cosine,small_random,0,1.470040917,1.521786544
100,tanh,11,Momentum_with_cosine,Xavier,0.001,1.471880674,1.416702912
100,sigmoid,8,Adam_with_cosine,Xavier,0.0001,1.475229383,1.387150932
300,tanh,11,Adam_with_cosine,small_random,0,1.488994241,1.188550068
300,tanh,5,Adam_with_cosine,small_random,0.0001,1.490506172,2.048802401
100,relu,11,Adam_with_cosine,small_random,0.001,1.49193871,1.759056256
200,tanh,5,Adam_with_cosine,small_random,0.0001,1.492358565,1.793818875
100,tanh,8,SGD_with_cosine,small_random,0,1.494029284,1.230274128
200,relu,11,Adam_with_cosine,small_random,0.0001,1.495733738,1.590235205
100,tanh,8,Adam_with_cosine,small_random,0,1.49689734,2.018930696
100,sigmoid,11,SGD_with_cosine,small_random,0,1.496904731,1.682789796
200,tanh,5,SGD_with_cosine,Xavier,0,1.499735117,1.642069711
200,tanh,8,Momentum_with_cosine,small_random,0.0001,1.502634764,0.777434345
200,sigmoid,11,SGD_with_cosine,small_random,0,1.508106709,1.320740162
200,relu,8,SGD_with_cosine,small_random,0.0001,1.515286326,2.162301497
100,sigmoid,11,Adam_with_cosine,Xavier,0.0001,1.52152288,1.587574996
300,sigmoid,5,SGD_with_cosine,small_random,0,1.527710795,1.934769449
200,sigmoid,11,SGD_with_cosine,Xavier,0,1.532248378,1.653641219
100,sigmoid,8,Momentum_with_cosine,Xavier,0.0001,1.54104507,1.571078864
300,tanh,5,SGD_with_cosine,Xavier,0.001,1.54880321,1.330947273
100,sigmoid,11,SGD_with_cosine,Xavier,0,1.553747177,1.485822483
300,sigmoid,11,Momentum_with_cosine,Xavier,0,1.580756664,1.714365478
100,tanh,5,Adam_with_cosine,small_random,0.0001,1.592056036,1.716389005
300,sigmoid,8,SGD_with_cosine,small_random,0.0001,1.597555399,1.82772263
100,tanh,11,Adam_with_cosine,small_random,0,1.621580839,1.643117152
100,relu,11,Momentum_with_cosine,Xavier,0,1.651548862,1.090558648
300,relu,11,Adam_with_cosine,small_random,0.001,1.665018678,2.803857162
300,sigmoid,11,Momentum_with_cosine,Xavier,0.0001,1.666356683,1.797827233
200,relu,11,SGD_with_cosine,small_random,0,1.672567248,0.862453256
300,relu,8,SGD_with_cosine,small_random,0.001,1.678506613,0.874769895
300,tanh,5,Momentum_with_cosine,Xavier,0,1.681597352,1.417303056
300,relu,11,SGD_with_cosine,small_random,0.0001,1.68451035,1.068398619
100,relu,5,SGD_with_cosine,small_random,0.001,1.68883884,2.75757417
300,sigmoid,8,SGD_with_cosine,small_random,0.001,1.70288384,1.582582094
200,sigmoid,11,SGD_with_cosine,small_random,0.001,1.733410716,1.774420315
300,relu,11,Adam_with_cosine,small_random,0.0001,1.758729696,1.457940511
200,relu,11,Momentum_with_cosine,small_random,0.0001,1.775678396,1.923120037
300,relu,5,SGD_with_cosine,small_random,0,1.781027555,2.75275872
300,sigmoid,8,Momentum_with_cosine,Xavier,0.001,1.792653322,1.685071898
200,relu,8,SGD_with_cosine,Xavier,0,1.798788786,2.286896603
100,tanh,8,SGD_with_cosine,small_random,0.0001,1.802161813,2.118243276
300,sigmoid,5,Adam_with_cosine,small_random,0.001,1.808216333,1.708525286
100,sigmoid,8,Momentum_with_cosine,small_random,0.001,1.812235951,1.588423905
100,relu,8,Adam_with_cosine,Xavier,0.001,1.81561625,1.451153514
200,tanh,5,Adam_with_cosine,small_random,0.001,1.818596601,1.510951633
300,tanh,5,Momentum_with_cosine,small_random,0.001,1.831498027,1.619546896
100,relu,11,SGD_with_cosine,small_random,0,1.842550159,0.378525052
300,sigmoid,5,SGD_with_cosine,small_random,0.0001,1.850503564,1.569153815
300,relu,11,Momentum_with_cosine,small_random,0.001,1.859789133,1.073955438
100,relu,8,Momentum_with_cosine,small_random,0.0001,1.884223342,1.800203583
300,sigmoid,5,Momentum_with_cosine,Xavier,0,1.907082319,1.91381086
200,tanh,5,SGD_with_cosine,small_random,0,1.92804563,1.468987316
300,tanh,8,Adam_with_cosine,small_random,0.0001,1.941101313,1.78638833
200,tanh,11,Adam_with_cosine,Xavier,0,1.957386613,2.257757659
300,tanh,11,Adam_with_cosine,Xavier,0.0001,1.96657753,1.131970659
200,relu,11,Momentum_with_cosine,small_random,0.001,1.972236156,2.758544533
100,tanh,11,Adam_with_cosine,Xavier,0.001,1.981084108,1.641208757
300,relu,11,Adam_with_cosine,small_random,0,1.99345839,2.371676464
200,sigmoid,11,Adam_with_cosine,Xavier,0,2.017061472,2.012882077
300,tanh,11,Momentum_with_cosine,small_random,0.001,2.019251585,1.676760866
200,relu,8,SGD_with_cosine,small_random,0.001,2.027199268,3.201014574
200,relu,8,Adam_with_cosine,Xavier,0.001,2.045749187,2.387482921
300,sigmoid,11,Adam_with_cosine,Xavier,0,2.063821077,2.10422524
300,relu,8,Adam_with_cosine,small_random,0.0001,2.074403048,0.912833488
100,sigmoid,11,SGD_with_cosine,small_random,0.001,2.081089973,2.363047237
200,relu,5,SGD_with_cosine,small_random,0.001,2.085099936,1.429106113
100,relu,8,Momentum_with_cosine,small_random,0,2.098581791,1.442745436
100,sigmoid,8,Momentum_with_cosine,Xavier,0.001,2.116633415,2.129342625
300,relu,11,Momentum_with_cosine,small_random,0,2.120448112,2.277451962
300,relu,5,SGD_with_cosine,Xavier,0,2.150485516,2.3675052
100,sigmoid,8,Adam_with_cosine,Xavier,0.001,2.150776148,2.140990363
100,relu,11,SGD_with_cosine,small_random,0.0001,2.19273901,2.526259071
300,relu,5,Adam_with_cosine,Xavier,0,2.216030598,2.507814913
100,relu,11,SGD_with_cosine,small_random,0.001,2.298872471,1.797970073
100,sigmoid,5,Momentum_with_cosine,small_random,0,2.301872492,1.887037185
200,relu,5,SGD_with_cosine,small_random,0.0001,2.337764025,1.567953273
200,relu,11,Momentum_with_cosine,small_random,0,2.418006182,2.66928976
300,relu,11,Momentum_with_cosine,small_random,0.0001,2.420344114,1.737246567
100,tanh,11,Adam_with_cosine,small_random,0.0001,2.6405375,3.253073709
100,tanh,5,SGD_with_cosine,small_random,0.001,2.641305685,2.372555257
100,relu,11,Momentum_with_cosine,small_random,0.0001,2.680956841,2.577942221
200,sigmoid,5,SGD_with_cosine,small_random,0,2.706293106,2.535320393
100,relu,8,Adam_with_cosine,small_random,0.001,2.756637096,2.709175298
100,relu,5,SGD_with_cosine,small_random,0.0001,2.819703102,1.731944911
200,relu,8,Momentum_with_cosine,small_random,0.001,2.831685781,3.218552659
200,relu,5,Adam_with_cosine,small_random,0.001,2.872161388,3.479681862
200,relu,8,Adam_with_cosine,small_random,0.0001,3.055938482,1.700493977
100,relu,8,SGD_with_cosine,small_random,0.001,3.145099401,4.55587714
200,relu,11,SGD_with_cosine,small_random,0.0001,3.174628258,4.506380812
300,relu,8,Adam_with_cosine,small_random,0.001,3.21457386,3.779103012
100,relu,5,Momentum_with_cosine,small_random,0,3.352577686,2.531892807
300,relu,8,Momentum_with_cosine,small_random,0,3.363110065,2.689783887
100,relu,5,Momentum_with_cosine,small_random,0.0001,3.664038897,4.337985771
200,relu,11,Adam_with_cosine,small_random,0,3.857083559,2.477479374
200,relu,5,Momentum_with_cosine,small_random,0.001,3.91945982,5.222643567
200,relu,11,Adam_with_cosine,small_random,0.001,4.207826614,4.849050639
100,relu,8,SGD_with_cosine,small_random,0.0001,5.463849068,5.311232288
300,relu,5,Momentum_with_cosine,small_random,0.0001,5.622427464,5.592002669
100,relu,11,Adam_with_cosine,small_random,0,5.93102169,5.678917265